product_id,product_name,image,image_id,image_description
1,Gorgeous Plastic Car,http://placeimg.com/640/480,1,Debitis unde quas asperiores dolorum in.
2,Unbranded Steel Salad,http://placeimg.com/640/480,2,Rerum fugiat dicta.
3,Rustic Soft Car,http://placeimg.com/640/480,3,Tenetur debitis non nisi asperiores.
4,Gorgeous Concrete Sausages,http://placeimg.com/640/480,4,Quam sit incidunt dolor voluptas corrupti aut sed.
5,Unbranded Frozen Chips,http://placeimg.com/640/480,5,Quos et dolorum quia fuga doloribus molestiae velit aliquid nihil.
6,Sleek Plastic Tuna,http://placeimg.com/640/480,6,Explicabo at beatae odit aut aut.
7,Refined Cotton Shoes,http://placeimg.com/640/480,7,Amet iusto incidunt deleniti.
8,Small Granite Towels,http://placeimg.com/640/480,8,Tenetur blanditiis vitae eius rerum quod quidem.
9,Sleek Steel Towels,http://placeimg.com/640/480,9,Et error est cum possimus.
10,Refined Soft Chair,http://placeimg.com/640/480,10,Voluptas voluptatibus culpa in veniam harum sequi distinctio sed.
11,Intelligent Steel Keyboard,http://placeimg.com/640/480,11,Et consectetur enim ut ipsum sed illum quibusdam quis at.
12,Ergonomic Concrete Table,http://placeimg.com/640/480,12,A ea doloremque beatae odio aut excepturi laborum.
13,Intelligent Wooden Cheese,http://placeimg.com/640/480,13,Aliquid quae inventore magnam ipsum reiciendis nihil voluptatum voluptatem impedit.
14,Generic Wooden Mouse,http://placeimg.com/640/480,14,Libero et sit laboriosam.
15,Gorgeous Frozen Shoes,http://placeimg.com/640/480,15,Aut et at neque ut accusantium.
16,Small Frozen Car,http://placeimg.com/640/480,16,Ea dolorem unde voluptatibus corporis.
17,Awesome Granite Soap,http://placeimg.com/640/480,17,Nesciunt id quis.
18,Generic Frozen Salad,http://placeimg.com/640/480,18,Dignissimos et ea laudantium molestias cumque autem ipsum.
19,Fantastic Fresh Gloves,http://placeimg.com/640/480,19,Officiis quas sapiente quis quasi eaque ut officiis.
20,Rustic Concrete Ball,http://placeimg.com/640/480,20,Quo est sint non id eveniet dolore quae ea.
21,Awesome Concrete Cheese,http://placeimg.com/640/480,21,Consequuntur velit temporibus nemo.
22,Awesome Steel Hat,http://placeimg.com/640/480,22,Et hic qui reprehenderit sint vel provident.
23,Licensed Rubber Keyboard,http://placeimg.com/640/480,23,Esse in eligendi beatae recusandae dolorem.
24,Ergonomic Fresh Shirt,http://placeimg.com/640/480,24,Inventore qui accusantium est dolorem.
25,Unbranded Rubber Shirt,http://placeimg.com/640/480,25,Perspiciatis aut est aut ipsa veritatis animi minima.
26,Awesome Steel Salad,http://placeimg.com/640/480,26,Fuga rerum eum laudantium.
27,Rustic Frozen Chicken,http://placeimg.com/640/480,27,Ullam aut ipsum ut et quod molestiae perspiciatis eum.
28,Handmade Plastic Tuna,http://placeimg.com/640/480,28,Aliquid dignissimos magni.
29,Incredible Rubber Shoes,http://placeimg.com/640/480,29,Sit non ea.
30,Awesome Wooden Shirt,http://placeimg.com/640/480,30,Sit aut et animi pariatur quae eum.
31,Rustic Soft Hat,http://placeimg.com/640/480,31,Consequatur ut sequi voluptatem sapiente nihil ducimus ut explicabo.
32,Awesome Wooden Shirt,http://placeimg.com/640/480,32,Voluptatem ipsum rerum aut.
33,Awesome Fresh Gloves,http://placeimg.com/640/480,33,Sit laborum aspernatur dolores quia explicabo.
34,Intelligent Steel Fish,http://placeimg.com/640/480,34,Velit quidem quis et mollitia nisi enim et ipsum consequatur.
35,Handcrafted Metal Hat,http://placeimg.com/640/480,35,Eum officiis repellendus ut architecto molestias minima.
36,Handmade Metal Shirt,http://placeimg.com/640/480,36,Voluptate quae deserunt laudantium ut rerum et iusto in.
37,Practical Rubber Ball,http://placeimg.com/640/480,37,Qui quidem distinctio in commodi vitae mollitia animi enim optio.
38,Unbranded Rubber Sausages,http://placeimg.com/640/480,38,Modi esse eligendi nihil ad.
39,Small Frozen Mouse,http://placeimg.com/640/480,39,Neque et non.
40,Ergonomic Metal Shoes,http://placeimg.com/640/480,40,Iste ratione numquam accusamus et dolores quod.
41,Gorgeous Rubber Table,http://placeimg.com/640/480,41,Velit pariatur autem quidem modi omnis beatae quaerat quia.
42,Licensed Rubber Bike,http://placeimg.com/640/480,42,Vero corporis sit.
43,Fantastic Concrete Bike,http://placeimg.com/640/480,43,Exercitationem repudiandae quam nulla eveniet enim voluptatum perferendis quam.
44,Fantastic Cotton Table,http://placeimg.com/640/480,44,Quae distinctio iusto illum.
45,Practical Cotton Chair,http://placeimg.com/640/480,45,Fugit ut atque qui cum maxime quas.
46,Generic Steel Sausages,http://placeimg.com/640/480,46,Sint magni aut laborum ut eveniet commodi.
47,Unbranded Metal Car,http://placeimg.com/640/480,47,Explicabo modi amet aut.
48,Unbranded Plastic Fish,http://placeimg.com/640/480,48,Repudiandae sint et quisquam quo.
49,Incredible Steel Salad,http://placeimg.com/640/480,49,Natus molestias velit architecto pariatur esse voluptatem.
50,Awesome Plastic Pizza,http://placeimg.com/640/480,50,Dolorum recusandae laboriosam ut quis a quia.
51,Refined Rubber Sausages,http://placeimg.com/640/480,51,Impedit quia velit quaerat sed officiis quos fuga.
52,Refined Steel Salad,http://placeimg.com/640/480,52,Rem delectus itaque voluptas architecto recusandae ut reprehenderit.
53,Refined Metal Pants,http://placeimg.com/640/480,53,Nisi officia illo non cum facilis expedita.
54,Practical Steel Tuna,http://placeimg.com/640/480,54,Alias doloremque similique cumque ea facere magni sit.
55,Rustic Steel Towels,http://placeimg.com/640/480,55,Sapiente enim laboriosam delectus vitae voluptate.
56,Practical Soft Chair,http://placeimg.com/640/480,56,Molestiae molestiae consequatur ea quo beatae ratione et repellat voluptate.
57,Refined Granite Fish,http://placeimg.com/640/480,57,Fuga ut qui ea.
58,Handcrafted Frozen Tuna,http://placeimg.com/640/480,58,Aut repudiandae perferendis rerum voluptate ad.
59,Rustic Steel Pants,http://placeimg.com/640/480,59,Ex rerum quaerat dolorum quaerat ut et placeat.
60,Handcrafted Steel Soap,http://placeimg.com/640/480,60,Voluptates nihil a rerum repellendus aperiam rem.
61,Generic Granite Bacon,http://placeimg.com/640/480,61,Autem exercitationem corporis qui.
62,Gorgeous Rubber Bike,http://placeimg.com/640/480,62,Quo fuga fugit.
63,Refined Steel Bike,http://placeimg.com/640/480,63,Ut consequatur numquam nostrum voluptatem.
64,Ergonomic Wooden Table,http://placeimg.com/640/480,64,Sit et numquam.
65,Ergonomic Metal Chair,http://placeimg.com/640/480,65,Amet tempore error officiis eum fuga delectus ut.
66,Ergonomic Plastic Gloves,http://placeimg.com/640/480,66,Qui non odio repudiandae odit nihil facere et tenetur maiores.
67,Sleek Wooden Chair,http://placeimg.com/640/480,67,Pariatur qui modi odit libero sit repudiandae placeat.
68,Fantastic Cotton Bacon,http://placeimg.com/640/480,68,Reiciendis sint optio omnis laudantium quisquam.
69,Awesome Concrete Salad,http://placeimg.com/640/480,69,Quae occaecati quaerat exercitationem ratione sed omnis.
70,Unbranded Rubber Ball,http://placeimg.com/640/480,70,Qui quibusdam nesciunt reiciendis voluptas corrupti et eaque et.
71,Unbranded Soft Salad,http://placeimg.com/640/480,71,Minus rem rerum.
72,Intelligent Metal Shoes,http://placeimg.com/640/480,72,Debitis doloremque recusandae error amet.
73,Rustic Plastic Tuna,http://placeimg.com/640/480,73,Id temporibus dicta maxime.
74,Handcrafted Plastic Tuna,http://placeimg.com/640/480,74,Eos in explicabo ut minus amet beatae.
75,Sleek Soft Sausages,http://placeimg.com/640/480,75,Non et hic minima et voluptatibus alias enim.
76,Generic Soft Sausages,http://placeimg.com/640/480,76,Soluta autem voluptate eius voluptatem quaerat ab.
77,Gorgeous Frozen Mouse,http://placeimg.com/640/480,77,Perspiciatis saepe qui.
78,Unbranded Cotton Car,http://placeimg.com/640/480,78,Sunt est autem sint ea magni aliquid.
79,Handmade Granite Bike,http://placeimg.com/640/480,79,Distinctio iusto adipisci alias consequatur eveniet occaecati unde ad.
80,Handcrafted Concrete Salad,http://placeimg.com/640/480,80,Dolor dolorem aut voluptatibus ut modi delectus unde ducimus.
81,Refined Steel Ball,http://placeimg.com/640/480,81,In nulla laudantium.
82,Incredible Cotton Salad,http://placeimg.com/640/480,82,Dolor aliquam nostrum in vero explicabo explicabo nihil sint ea.
83,Handmade Metal Shirt,http://placeimg.com/640/480,83,Ut recusandae ut deserunt.
84,Ergonomic Plastic Sausages,http://placeimg.com/640/480,84,Sed repellendus rerum.
85,Practical Soft Shoes,http://placeimg.com/640/480,85,Ut sint ad veniam soluta.
86,Generic Fresh Mouse,http://placeimg.com/640/480,86,Ut delectus ut.
87,Small Soft Fish,http://placeimg.com/640/480,87,Unde rerum debitis eos corrupti ut et maxime.
88,Licensed Fresh Towels,http://placeimg.com/640/480,88,Voluptas consequuntur in suscipit esse.
89,Incredible Frozen Towels,http://placeimg.com/640/480,89,Est natus voluptatum inventore eos.
90,Gorgeous Soft Car,http://placeimg.com/640/480,90,Iste officia ut et aspernatur unde.
91,Unbranded Plastic Hat,http://placeimg.com/640/480,91,Impedit officia pariatur eos maxime quisquam.
92,Handmade Concrete Pants,http://placeimg.com/640/480,92,Eos sequi quo nulla quia amet.
93,Ergonomic Cotton Fish,http://placeimg.com/640/480,93,Dolor expedita quaerat corrupti impedit consequatur consequatur.
94,Ergonomic Plastic Sausages,http://placeimg.com/640/480,94,Cum earum et optio quae autem explicabo eum dignissimos voluptatem.
95,Practical Frozen Salad,http://placeimg.com/640/480,95,Error cum et eos rerum fugit modi earum ea.
96,Tasty Cotton Hat,http://placeimg.com/640/480,96,Corrupti quis quis consequatur et dolores velit excepturi.
97,Handmade Cotton Tuna,http://placeimg.com/640/480,97,Necessitatibus assumenda delectus repellat occaecati et veniam qui officia.
98,Incredible Plastic Chicken,http://placeimg.com/640/480,98,Eos enim corrupti corporis a porro dolorem voluptate assumenda doloribus.
99,Rustic Metal Chicken,http://placeimg.com/640/480,99,Omnis eaque vitae explicabo vel quidem nobis eos aut.
100,Refined Metal Tuna,http://placeimg.com/640/480,100,Omnis ratione quibusdam tenetur quibusdam.
